<?xml version="1.0" encoding="UTF-8" standalone="yes"?>
<addon id="repository.TheYid" name="TheYid" version="1.0" provider-name="TheYid">
	<extension point="xbmc.addon.repository" name="TheYid Addon Repository">
		<info compressed="false">http://dl.dropbox.com/u/26151319/My-Repo/addons.xml</info>
		<checksum>http://dl.dropbox.com/u/26151319/Your-Repo/addons.xml.md5</checksum>
		<datadir zip="true">http://dl.dropbox.com/u/26151319/My-Repo/zips</datadir>
	</extension>
	<extension point="xbmc.addon.metadata">
		<summary>Install MY Addons</summary>
		<description>Download and install addons from TheYid.......For OFFICIAL Support Visit XBMCHUB.COM</description>
		<platform>all</platform>
	</extension>
</addon>

