<?xml version="1.0" encoding="UTF-8" standalone="yes"?>
<addon id="repository.TheYid" name="TheYid" version="1.1" provider-name="TheYid">
	<extension point="xbmc.addon.repository" name="TheYid's Addon Repository">
		<info compressed="false">https://github.com/TheYid/TheYid/blob/master/addons.xml</info>
		<checksum>https://github.com/TheYid/TheYid/blob/master/addons.xml.md5</checksum>
		<datadir zip="true">https://github.com/TheYid/TheYid/tree/master/zips</datadir>
	</extension>
	<extension point="xbmc.addon.metadata">
		<summary>Install MY Addons</summary>
		<description>Download and install addons from TheYid.......For OFFICIAL Support Visit XBMCHUB.COM</description>
		<platform>all</platform>
	</extension>
</addon>

